City_ID,City,Lat,Lng,Max Temp,Humidity,Cloudiness,Wind Speed,Country,Date
0,talnakh,69.4865,88.3972,-2.79,95,100,9.13,RU,1675914772
1,port blair,11.6667,92.75,82.44,69,40,11.5,IN,1675914755
2,dikson,73.5069,80.5464,-2.22,85,89,13.69,RU,1675914676
3,skibbereen,51.55,-9.2667,40.21,85,12,4.79,IE,1675914998
4,collie,-33.3667,116.15,86.7,24,0,6.73,AU,1675914998
5,norman wells,65.282,-126.8329,-12.96,77,75,0.0,CA,1675914697
6,zapolyarnyy,69.4154,30.8136,33.08,84,98,33.58,RU,1675914999
7,bredasdorp,-34.5322,20.0403,64.51,83,1,8.75,ZA,1675914661
8,naze,28.3667,129.4833,63.52,69,100,17.34,JP,1675914836
9,chara,56.9064,118.2631,-4.76,86,31,1.28,RU,1675914691
10,hermanus,-34.4187,19.2345,67.8,83,76,11.41,ZA,1675914641
11,tefe,-3.3542,-64.7114,73.6,98,91,2.06,BR,1675914999
12,erzin,36.9559,36.2,32.94,52,0,3.51,TR,1675915000
13,umkomaas,-30.2067,30.7978,74.68,80,100,14.16,ZA,1675915000
14,ushuaia,-54.8,-68.3,49.66,87,20,9.22,AR,1675914634
15,vaini,-21.2,-175.2,84.36,79,75,4.61,TO,1675914653
16,ilebo,-4.3167,20.5833,69.4,90,97,2.77,CD,1675915001
17,cabedelo,-6.9811,-34.8339,77.67,82,65,9.75,BR,1675914757
18,busselton,-33.65,115.3333,82.29,35,0,2.91,AU,1675914656
19,uinskoye,56.8817,56.5813,2.8,100,86,4.03,RU,1675915001
20,saint george,37.1041,-113.5841,49.95,49,0,4.61,US,1675914653
21,port alfred,-33.5906,26.891,67.17,98,100,3.65,ZA,1675914626
22,olafsvik,64.8945,-23.7142,24.03,60,100,21.68,IS,1675914781
23,port hardy,50.6996,-127.4199,39.38,93,100,25.32,CA,1675914783
24,batagay,67.6333,134.6333,-45.51,95,77,0.47,RU,1675914761
25,agen,44.2,0.6333,28.49,93,0,2.3,FR,1675915002
26,atuona,-9.8,-139.0333,79.2,79,46,22.5,PF,1675914650
27,rikitea,-23.1203,-134.9692,80.15,73,4,14.32,PF,1675914650
28,muros,42.7762,-9.0603,42.84,85,0,9.69,ES,1675915002
29,flinders,-34.5833,150.8552,73.18,87,100,4.0,AU,1675914727
30,lavrentiya,65.5833,-171.0,-11.99,97,100,2.51,RU,1675914827
31,vargashi,55.3556,65.8467,11.93,96,100,6.87,RU,1675915003
32,saint-philippe,-21.3585,55.7679,81.99,82,67,11.59,RE,1675914652
33,georgetown,5.4112,100.3354,84.13,83,20,4.61,MY,1675914582
34,kruisfontein,-34.0033,24.7314,62.89,80,95,2.39,ZA,1675914668
35,hobart,-42.8794,147.3294,72.27,56,75,12.66,AU,1675914447
36,kushmurun,52.4503,64.6311,-2.18,96,100,8.9,KZ,1675915004
37,mayor pablo lagerenza,-19.9309,-60.7718,76.3,78,40,4.56,PY,1675915004
38,santa comba,43.0331,-8.8093,39.67,88,0,4.61,ES,1675915004
39,cape town,-33.9258,18.4232,70.38,72,0,5.75,ZA,1675914660
40,arraial do cabo,-22.9661,-42.0278,75.06,88,75,3.44,BR,1675914765
41,barao de melgaco,-16.1944,-55.9675,73.08,92,83,2.77,BR,1675914858
42,lukovetskiy,64.2956,41.9211,28.94,89,100,12.37,RU,1675915005
43,aklavik,68.2191,-135.0107,-29.22,99,95,3.42,CA,1675914643
44,mahebourg,-20.4081,57.7,81.25,83,75,11.5,MU,1675914756
45,nikolskoye,59.7035,30.7861,35.49,93,100,10.36,RU,1675914646
46,lagoa,39.05,-27.9833,56.46,73,100,12.46,PT,1675914980
47,kapaa,22.0752,-159.319,80.58,72,0,19.57,US,1675914711
48,clyde river,70.4692,-68.5914,-32.57,68,75,5.75,CA,1675914478
49,coquimbo,-29.9533,-71.3436,62.33,94,20,6.91,CL,1675914503
50,carnarvon,-24.8667,113.6333,87.42,53,63,15.05,AU,1675914647
51,punta arenas,-53.15,-70.9167,48.31,71,0,8.05,CL,1675914627
52,tura,25.5198,90.2201,73.36,39,48,2.93,IN,1675914694
53,cherskiy,68.75,161.3,-31.34,98,100,7.16,RU,1675914651
54,kaitangata,-46.2817,169.8464,57.31,53,83,10.25,NZ,1675915007
55,hualmay,-11.0964,-77.6139,72.34,85,24,7.11,PE,1675915007
56,semiletka,55.3603,54.6153,3.43,100,96,4.14,RU,1675915007
57,zhanaozen,43.3,52.8,25.59,54,93,16.46,KZ,1675915008
58,albany,42.6001,-73.9662,32.27,80,81,2.75,US,1675914610
59,artesia,33.8658,-118.0831,64.54,52,0,4.61,US,1675915008
60,mar del plata,-38.0023,-57.5575,68.02,92,0,3.44,AR,1675914676
61,nieuwpoort,51.1244,2.7735,32.02,80,89,5.75,BE,1675915008
62,hobyo,5.3505,48.5268,77.65,75,45,16.13,SO,1675915009
63,san policarpo,12.1791,125.5072,79.54,83,100,16.78,PH,1675915009
64,port macquarie,-31.4333,152.9167,78.89,58,100,12.39,AU,1675915010
65,vrsac,45.1167,21.3036,25.92,93,0,3.44,RS,1675915010
66,bermejo,-32.8833,-68.8,80.51,41,40,6.91,AR,1675915011
67,dingle,10.9995,122.6711,82.04,72,97,15.93,PH,1675914655
68,kabul,34.5,69.4167,29.55,97,100,3.78,AF,1675914900
69,seddon,-37.8068,144.8916,91.31,55,0,14.97,AU,1675915011
70,mitsamiouli,-11.3847,43.2844,81.01,79,90,8.52,KM,1675915011
71,hilo,19.7297,-155.09,76.73,73,75,10.36,US,1675914696
72,yulara,-25.2406,130.9889,101.62,12,5,5.68,AU,1675915012
73,caravelas,-17.7125,-39.2481,75.15,87,41,5.21,BR,1675914825
74,ravar,31.2656,56.8055,44.64,41,0,1.16,IR,1675915012
75,avarua,-21.2078,-159.775,82.45,74,40,12.66,CK,1675914638
76,aras,42.5617,-2.356,28.81,93,75,0.0,ES,1675915013
77,oistins,13.0667,-59.5333,77.09,78,40,19.57,BB,1675914583
78,kashi,39.4547,75.9797,31.21,59,75,8.95,CN,1675915013
79,patos,-7.0244,-37.28,76.73,68,99,4.79,BR,1675915014
80,atar,20.5169,-13.0499,69.82,21,100,2.1,MR,1675914641
81,pevek,69.7008,170.3133,-30.05,100,100,6.82,RU,1675914656
82,college,64.8569,-147.8028,5.58,84,75,0.0,US,1675914960
83,turayf,31.6725,38.6637,35.85,87,40,4.61,SA,1675915014
84,broome,42.2506,-75.833,37.78,68,0,5.75,US,1675914559
85,anito,12.4497,125.2886,79.03,87,100,12.93,PH,1675915015
86,lasa,46.6166,10.7002,21.36,70,32,1.79,IT,1675914708
87,thompson,55.7435,-97.8558,8.76,72,100,12.66,CA,1675914692
88,aden,12.7794,45.0367,75.94,72,2,3.06,YE,1675914859
89,bandundu,-3.3167,17.3667,70.7,91,83,3.33,CD,1675915015
90,bambous virieux,-20.3428,57.7575,81.21,83,75,11.5,MU,1675914702
91,castro,-24.7911,-50.0119,61.18,95,12,5.35,BR,1675914668
92,thinadhoo,0.5333,72.9333,81.18,72,100,6.71,MV,1675914635
93,vanavara,60.34,102.2797,8.06,93,100,4.29,RU,1675914648
94,mareeba,-17.0,145.4333,79.52,78,54,3.13,AU,1675915016
95,tommot,58.9564,126.2925,-8.28,92,89,0.18,RU,1675915016
96,castellammare del golfo,38.0188,12.8858,51.12,82,100,4.74,IT,1675915017
97,lebu,-37.6167,-73.65,58.55,95,5,10.27,CL,1675914477
98,constitucion,-35.3333,-72.4167,60.49,73,12,10.76,CL,1675914719
99,nouadhibou,20.931,-17.0347,62.58,63,100,6.91,MR,1675914777
100,kermanshah,34.3142,47.065,22.1,86,40,9.22,IR,1675915017
101,yevsino,54.4172,83.3222,-5.26,99,93,1.36,RU,1675915018
102,bairiki,1.3292,172.9752,86.0,74,75,17.27,KI,1675915018
103,saskylakh,71.9167,114.0833,-42.47,98,54,6.8,RU,1675914658
104,esperance,-33.8667,121.9,69.84,64,29,13.18,AU,1675914641
105,tasiilaq,65.6145,-37.6368,5.16,54,96,9.75,GL,1675914661
106,kaduqli,11.0167,29.7167,63.3,14,57,8.14,SD,1675915019
107,prince rupert,54.3161,-130.3201,40.69,86,100,33.38,CA,1675915019
108,tiznit,29.5833,-9.5,47.64,62,1,1.92,MA,1675915019
109,moyale,3.5167,39.0584,67.78,45,9,7.72,KE,1675915020
110,kavieng,-2.5744,150.7967,83.46,71,100,6.15,PG,1675914630
111,koygorodok,60.445,50.9968,24.8,89,100,8.57,RU,1675915020
112,coahuayana,18.7333,-103.6833,70.41,91,3,3.02,MX,1675914432
113,victoria,22.2855,114.1577,73.96,82,96,11.99,HK,1675915007
114,poltavka,54.3663,71.7632,-10.68,100,100,5.97,RU,1675915021
115,roald,62.5833,6.1333,43.75,70,20,26.46,NO,1675914779
116,butaritari,3.0707,172.7902,81.36,82,65,20.47,KI,1675914638
117,russell,32.3502,-85.1999,69.03,88,0,0.0,US,1675915023
118,tuatapere,-46.1333,167.6833,57.13,57,79,11.16,NZ,1675914410
119,cayenne,4.9333,-52.3333,77.04,94,75,4.61,GF,1675914754
120,acarau,-2.8856,-40.12,77.58,81,98,8.37,BR,1675915024
121,sao joao da barra,-21.6403,-41.0511,73.04,92,100,8.57,BR,1675914479
122,alice springs,-23.7,133.8833,96.35,19,1,12.66,AU,1675915025
123,bereda,43.2686,-7.5406,35.42,98,66,4.12,ES,1675914769
124,nome,64.5011,-165.4064,-0.33,78,100,6.91,US,1675914489
125,sampit,-2.5333,112.95,90.66,54,92,3.24,ID,1675915026
126,prado,-17.3411,-39.2208,75.38,86,14,6.96,BR,1675914766
127,mataura,-46.1927,168.8643,55.47,62,87,8.75,NZ,1675914639
128,taonan,45.3333,122.7833,20.07,55,100,5.14,CN,1675915028
129,hithadhoo,-0.6,73.0833,81.57,72,77,9.73,MV,1675914739
130,hofn,64.2539,-15.2082,23.77,47,0,15.73,IS,1675914791
131,denpasar,-8.65,115.2167,85.71,70,40,5.75,ID,1675914772
132,acapulco,16.8634,-99.8901,76.66,67,14,5.75,MX,1675914892
133,umm lajj,25.0213,37.2685,63.16,44,100,15.3,SA,1675914868
134,shingu,33.7333,135.9833,53.1,34,56,3.51,JP,1675914644
135,windhoek,-22.5594,17.0832,63.1,83,55,4.45,NA,1675915030
136,jalu,29.0331,21.5482,50.22,48,43,14.65,LY,1675915031
137,kapit,2.0167,112.9333,90.73,54,77,0.67,MY,1675915032
138,codrington,-38.2667,141.9667,70.32,59,2,11.54,AU,1675914824
139,ankang,32.68,109.0172,46.2,69,100,2.82,CN,1675915033
140,east london,-33.0153,27.9116,67.14,94,100,2.3,ZA,1675914478
141,bengkulu,-3.8004,102.2655,83.34,63,96,4.92,ID,1675914624
142,jamestown,42.097,-79.2353,31.64,92,0,5.75,US,1675914382
143,sepuka,-4.75,34.5333,59.86,98,100,3.94,TZ,1675915034
144,arcachon,44.5875,-1.0519,28.72,86,0,0.0,FR,1675915035
145,vestmannaeyjar,63.4427,-20.2734,29.48,57,100,33.71,IS,1675914813
146,nelson bay,-32.7167,152.15,76.1,74,100,18.01,AU,1675914650
147,chuy,-33.6971,-53.4616,70.81,93,32,7.2,UY,1675914665
148,lakes entrance,-37.8811,147.981,73.54,69,42,11.97,AU,1675915036
149,tayu,-6.5397,111.0518,85.32,69,80,12.33,ID,1675915037
150,ribeira grande,38.5167,-28.7,52.77,80,28,8.99,PT,1675914660
151,touros,-5.1989,-35.4608,78.82,81,13,11.18,BR,1675914411
152,chicama,-7.8447,-79.1469,70.34,78,50,4.36,PE,1675914933
153,manokwari,-0.8667,134.0833,77.34,83,100,0.58,ID,1675915038
154,camacha,33.0833,-16.3333,54.82,62,40,11.5,PT,1675914704
155,deputatskiy,69.3,139.9,-40.72,97,91,3.47,RU,1675914857
156,tecoanapa,16.5167,-98.75,76.32,69,13,4.25,MX,1675914495
157,ilulissat,69.2167,-51.1,-7.58,64,20,4.61,GL,1675914835
158,xicotencatl,23.0167,-98.8833,63.57,60,95,15.64,MX,1675915039
159,san patricio,28.017,-97.5169,56.84,78,67,4.18,US,1675914802
160,dunedin,-45.8742,170.5036,57.25,54,91,14.14,NZ,1675914826
161,belle fourche,44.6714,-103.8522,37.06,68,61,14.45,US,1675915040
162,yellowknife,62.456,-114.3525,-6.45,84,75,9.22,CA,1675914639
163,qaqortoq,60.7167,-46.0333,23.59,89,100,9.51,GL,1675914772
164,mikkeli,61.6886,27.2723,35.71,87,100,12.66,FI,1675915041
165,new norfolk,-42.7826,147.0587,71.91,40,98,1.99,AU,1675914657
166,adrar,20.5022,-10.0711,66.4,16,97,7.4,MR,1675914848
167,charyshskoye,51.3978,83.5598,19.35,94,100,1.9,RU,1675915042
168,ponta do sol,32.6667,-17.1,58.71,75,44,6.8,PT,1675914636
169,qaanaaq,77.484,-69.3632,-25.04,64,14,6.06,GL,1675914646
170,sarakhs,36.5449,61.1577,43.27,85,100,13.24,IR,1675915043
171,kahului,20.8947,-156.47,75.85,70,20,18.01,US,1675914699
172,grand-lahou,5.1367,-5.0242,77.2,91,59,5.3,CI,1675915044
173,san cristobal,7.7669,-72.225,68.18,74,24,0.56,VE,1675914724
174,aksarka,66.5606,67.7975,-2.58,93,62,5.5,RU,1675915045
175,camopi,3.1655,-52.3158,71.74,100,100,2.08,GF,1675915045
176,bluff,-46.6,168.3333,55.8,56,77,18.63,NZ,1675914670
177,simpang,-1.2667,104.0833,82.51,76,97,4.9,ID,1675915046
178,galle,6.0367,80.217,81.32,74,44,3.71,LK,1675915048
179,pangnirtung,66.1451,-65.7125,-22.13,72,18,6.55,CA,1675915049
180,coria,39.9879,-6.5377,45.45,90,5,5.48,ES,1675915051
181,oria,43.2554,-2.0187,36.03,85,0,1.99,ES,1675915051
182,faanui,-16.4833,-151.75,81.28,71,9,7.05,PF,1675914416
183,pirot,43.1531,22.5861,16.72,90,20,4.07,RS,1675915052
184,griffith,41.5284,-87.4237,39.13,77,100,5.75,US,1675915052
185,bousso,10.4795,16.7117,71.58,21,30,5.93,TD,1675915053
186,los andes,-32.8337,-70.5983,71.01,39,0,1.77,CL,1675914801
187,kodiak,57.79,-152.4072,24.31,36,0,6.91,US,1675914706
188,bubaque,11.2833,-15.8333,74.16,66,1,10.58,GW,1675915054
189,port lincoln,-34.7333,135.8667,82.29,47,0,6.44,AU,1675914780
190,ponta delgada,37.7333,-25.6667,54.32,71,75,6.91,PT,1675915054
191,barrow,71.2906,-156.7887,-5.78,77,100,0.0,US,1675914640
192,praia,14.9215,-23.5087,68.54,77,75,12.66,CV,1675914834
193,arlit,18.7369,7.3853,68.97,18,0,6.24,NE,1675914523
194,geraldton,-28.7667,114.6,86.41,45,0,14.97,AU,1675914781
195,nyimba,-14.5566,30.8149,66.25,97,100,2.39,ZM,1675915055
196,sigli,5.3848,95.9609,82.38,69,56,3.58,ID,1675915055
197,bolitoc,15.7395,119.8769,85.42,55,100,3.67,PH,1675915056
198,grand forks,47.9417,-97.4337,30.13,86,75,4.61,US,1675915056
199,sterling,39.0062,-77.4286,51.12,61,75,3.44,US,1675914517
200,pochutla,15.7432,-96.4661,76.82,56,0,4.16,MX,1675914879
201,evensk,61.95,159.2333,-9.63,75,37,11.7,RU,1675914518
202,tete,-16.1564,33.5867,72.73,94,54,1.72,MZ,1675915057
203,kabo,7.6994,18.629,67.12,20,13,5.17,CF,1675915057
204,ocean city,39.2776,-74.5746,41.99,86,94,3.69,US,1675915057
205,richards bay,-28.783,32.0377,71.92,89,100,10.27,ZA,1675914717
206,khatanga,71.9667,102.5,-44.82,99,64,3.83,RU,1675914386
207,toora-khem,52.4675,96.11,10.0,90,100,1.36,RU,1675915058
208,qrendi,35.8347,14.4583,49.66,93,100,13.8,MT,1675915058
209,port augusta,-32.5,137.7667,101.43,10,0,7.63,AU,1675914913
210,vila velha,-20.3297,-40.2925,78.75,85,40,4.61,BR,1675914765
211,sobolevo,54.4299,31.8996,15.35,98,88,4.92,RU,1675915059
212,isangel,-19.55,169.2667,80.71,89,100,9.22,VU,1675914692
213,altamont,42.2068,-121.7372,39.78,72,0,3.44,US,1675915059
214,kidal,18.4411,1.4078,71.8,15,0,9.55,ML,1675915060
215,sabha,27.0377,14.4283,50.65,45,22,14.43,LY,1675914701
216,severo-kurilsk,50.6789,156.125,23.38,56,87,21.99,RU,1675915060
217,guerrero negro,27.9769,-114.0611,60.82,54,16,1.3,MX,1675914692
218,podor,16.6527,-14.9587,69.75,52,0,4.61,MR,1675914873
219,la trinidad,16.455,120.5875,73.98,45,76,3.31,PH,1675915061
220,ahipara,-35.1667,173.1667,69.53,56,27,10.0,NZ,1675914909
221,ketchikan,55.3422,-131.6461,37.87,87,100,10.36,US,1675915061
222,kaputa,-8.4689,29.6619,65.75,79,100,3.71,ZM,1675915062
223,kemi,65.8596,24.8228,35.37,87,100,27.63,FI,1675914989
224,arroyo,41.6096,-4.7969,36.1,85,0,5.75,ES,1675915062
225,semey,50.4111,80.2275,3.42,85,75,8.95,KZ,1675914761
226,piskivka,50.6938,29.6193,15.22,92,64,3.71,UA,1675915062
227,upernavik,72.7868,-56.1549,-30.28,84,2,8.52,GL,1675914647
228,husavik,66.0449,-17.3389,22.82,93,52,17.05,IS,1675914695
229,hasaki,35.7333,140.8333,52.29,37,8,17.76,JP,1675915063
230,chokurdakh,70.6333,147.9167,-25.49,96,100,5.46,RU,1675914647
231,makakilo city,21.3469,-158.0858,77.32,57,0,13.8,US,1675915063
232,srednekolymsk,67.45,153.6833,-27.18,96,100,6.46,RU,1675915064
233,cavnic,47.6667,23.8667,9.95,92,6,2.51,RO,1675915064
234,puerto ayora,-0.7393,-90.3518,79.56,92,75,5.99,EC,1675914659
235,fort nelson,58.8053,-122.7002,8.19,93,20,5.75,CA,1675915019
236,fortuna,40.5982,-124.1573,44.94,94,0,0.0,US,1675915065
237,moratuwa,6.773,79.8816,77.02,71,87,3.89,LK,1675915065
238,xichang,27.8964,102.2634,56.73,44,6,2.77,CN,1675914710
239,torbay,47.6666,-52.7314,29.39,96,100,14.97,CA,1675914664
240,iquique,-20.2208,-70.1431,71.64,82,10,1.74,CL,1675915066
241,wildeshausen,52.9,8.4333,31.21,63,71,10.18,DE,1675915066
242,svetlyy,54.675,20.1347,30.25,80,97,15.57,RU,1675915066
243,babayurt,43.6002,46.7789,21.79,96,100,6.53,RU,1675915067
244,saint-augustin,51.226,-58.6502,13.23,78,99,20.65,CA,1675914773
245,cockburn town,21.4612,-71.1419,76.62,77,9,24.87,TC,1675914796
246,luderitz,-26.6481,15.1594,62.55,96,67,10.07,NA,1675914852
247,nan,18.8333,100.6667,71.62,56,0,2.3,TH,1675915067
248,cidreira,-30.1811,-50.2056,76.08,83,24,18.92,BR,1675914364
249,kupang,-10.1667,123.5833,84.78,84,75,13.8,ID,1675915068
250,fairbanks,64.8378,-147.7164,5.59,84,40,0.0,US,1675914600
251,honningsvag,70.9821,25.9704,33.55,86,100,24.16,NO,1675914405
252,vuktyl,63.8567,57.3094,24.6,84,95,13.35,RU,1675914941
253,pitimbu,-7.4706,-34.8086,77.59,82,75,7.9,BR,1675915069
254,baiyin,36.5583,104.2081,26.31,69,6,4.43,CN,1675915069
255,beidao,34.5686,105.8933,42.6,43,2,0.54,CN,1675915069
256,tres arroyos,-38.3739,-60.2798,59.09,78,42,3.49,AR,1675914804
257,kawalu,-7.3817,108.2082,75.51,89,100,0.81,ID,1675915070
258,ust-ishim,57.6935,71.1665,5.31,95,100,6.26,RU,1675915070
259,iqaluit,63.7506,-68.5145,-27.67,68,0,26.46,CA,1675914672
260,mporokoso,-9.3727,30.125,59.0,92,100,1.9,ZM,1675915071
261,vila,42.0304,-8.1588,34.68,80,0,4.23,PT,1675915071
262,broken hill,-31.95,141.4333,92.57,12,0,8.75,AU,1675914452
263,saint anthony,45.0205,-93.218,35.53,80,0,9.22,US,1675915071
264,rincon,32.296,-81.2354,60.85,86,20,4.61,US,1675915072
265,provideniya,64.3833,-173.3,-5.69,65,100,11.18,RU,1675914406
266,kihei,20.785,-156.4656,75.85,70,20,16.11,US,1675914949
267,kolda,12.8833,-14.95,70.11,52,0,0.0,SN,1675915072
268,santa vitoria do palmar,-33.5189,-53.3681,71.11,93,57,6.98,BR,1675915073
269,luangwa,-15.6167,30.4167,69.49,97,83,1.7,ZM,1675915073
270,burns lake,54.2331,-125.7533,29.62,97,100,3.96,CA,1675914909
271,chanika,-5.4167,38.0167,68.83,96,100,0.96,TZ,1675915073
272,grindavik,63.8424,-22.4338,24.75,74,75,24.16,IS,1675914697
273,jonkoping,57.7814,14.1562,31.71,80,100,21.85,SE,1675915074
274,edd,13.9297,41.6925,76.33,85,65,6.71,ER,1675915074
275,rocha,-34.4833,-54.3333,69.64,81,20,7.76,UY,1675914867
276,okha,53.5739,142.9478,-15.72,89,91,15.97,RU,1675915017
277,narsaq,60.9167,-46.05,16.02,93,100,9.1,GL,1675914778
278,hare bay,48.8499,-54.0148,22.6,92,99,6.58,CA,1675915075
279,along,28.1667,94.7667,64.85,52,89,1.59,IN,1675915075
280,salalah,17.0151,54.0924,66.29,63,0,2.3,OM,1675914828
281,staryy nadym,65.6118,72.6842,11.93,96,100,4.21,RU,1675915076
282,temirtau,50.0544,72.9483,-3.44,98,98,12.03,KZ,1675915076
283,birobidzhan,48.8,132.95,4.5,64,0,3.36,RU,1675915076
284,najran,17.4924,44.1277,56.05,42,19,1.88,SA,1675914635
285,asau,46.4333,26.4,4.28,87,10,4.85,RO,1675914516
286,ayan,56.45,138.1667,-10.84,59,61,3.04,RU,1675915077
287,port hedland,-20.3167,118.5667,95.05,55,0,13.8,AU,1675914789
288,road town,18.4167,-64.6167,77.09,74,1,24.43,VG,1675915077
289,popondetta,-8.7537,148.2534,87.08,64,100,5.79,PG,1675915078
290,vao,-22.6667,167.4833,79.09,81,100,13.87,NC,1675914644
291,davila,18.4726,120.5763,84.18,62,18,5.7,PH,1675915078
292,san vicente,-26.6167,-54.1333,69.28,47,52,2.19,AR,1675915079
293,meiganga,6.5167,14.3,65.79,24,36,5.86,CM,1675915079
294,tabat,-2.635,115.2274,91.98,52,100,2.01,ID,1675915079
295,stornoway,58.2093,-6.3865,40.96,78,75,21.85,GB,1675915080
296,otradnoye,59.7775,30.8181,35.65,93,100,10.54,RU,1675915080
297,guanica,17.9716,-66.908,74.19,67,1,7.16,PR,1675915080
298,drakino,51.139,39.4021,12.2,94,45,5.03,RU,1675915081
299,pelym,61.0108,61.9978,18.01,89,82,7.29,RU,1675915081
300,sitka,57.0531,-135.33,39.09,70,100,12.66,US,1675914529
301,warrington,53.3925,-2.5802,44.33,88,40,8.05,GB,1675915082
302,leningradskiy,69.3833,178.4167,-17.82,97,100,5.7,RU,1675914669
303,tadine,-21.55,167.8833,81.95,77,99,9.4,NC,1675914628
304,christchurch,-43.5333,172.6333,64.6,55,40,16.11,NZ,1675914885
305,yar-sale,66.8333,70.8333,8.74,96,94,10.56,RU,1675915082
306,eyl,7.9803,49.8164,72.84,84,31,12.06,SO,1675915083
307,tiksi,71.6872,128.8694,-38.87,98,59,5.26,RU,1675914699
308,mbanza-ngungu,-5.25,14.8667,67.66,96,99,2.53,CD,1675915083
309,kostino,58.9097,53.2691,19.02,99,85,7.34,RU,1675915084
310,berdigestyakh,62.0989,126.6992,-27.29,93,66,2.57,RU,1675915084
311,tuktoyaktuk,69.4541,-133.0374,-34.6,74,20,3.44,CA,1675914658
312,moron,-34.6534,-58.6198,78.96,71,10,3.98,AR,1675915084
313,nanortalik,60.1432,-45.2371,25.9,87,100,8.88,GL,1675914644
314,mirnyy,62.5353,113.9611,-26.19,98,98,3.58,RU,1675915085
315,show low,34.2542,-110.0298,29.08,70,0,5.75,US,1675915085
316,severodvinsk,64.5635,39.8302,28.51,87,100,16.98,RU,1675915082
317,gravelbourg,49.8834,-106.5512,23.27,90,100,10.58,CA,1675915086
318,madang,-5.2246,145.7966,82.35,76,98,5.7,PG,1675915036
319,hudson bay,52.85,-102.3842,11.34,91,56,4.56,CA,1675915086
320,tazovskiy,67.4667,78.7,3.34,94,100,13.47,RU,1675914891
321,banda aceh,5.5577,95.3222,83.59,66,70,7.45,ID,1675914758
322,longyearbyen,78.2186,15.6401,21.04,79,100,14.97,SJ,1675914419
323,paracatu,-17.2222,-46.8747,70.5,81,100,1.01,BR,1675915046
324,saldanha,-33.0117,17.9442,65.23,79,20,7.99,ZA,1675914851
325,carahue,-38.7,-73.1667,56.35,99,11,1.23,CL,1675915087
326,saint pete beach,27.7253,-82.7412,71.04,71,0,12.66,US,1675915087
327,souillac,-20.5167,57.5167,79.18,83,75,11.5,MU,1675914728
328,sioux lookout,50.1001,-91.917,32.07,64,100,6.91,CA,1675914654
329,aripuana,-9.1667,-60.6333,72.52,98,77,0.67,BR,1675915088
330,clinton,42.587,-82.9199,36.86,83,100,1.01,US,1675915088
331,pimentel,-6.8367,-79.9342,77.29,73,0,11.5,PE,1675915088
332,south river,40.4465,-74.386,46.15,66,75,1.01,US,1675915089
333,umea,63.8284,20.2597,35.53,87,75,21.85,SE,1675915009
334,ocos,14.5094,-92.1933,77.67,75,5,9.35,GT,1675915089
335,maralal,1.0968,36.698,56.7,69,9,3.27,KE,1675915090
336,payo,-3.7508,103.6372,86.67,50,99,3.76,ID,1675915090
337,airai,-8.9266,125.4092,69.17,77,98,4.21,TL,1675914652
338,port-gentil,-0.7193,8.7815,80.83,81,99,9.86,GA,1675914739
339,merauke,-8.4667,140.3333,81.97,83,83,12.84,ID,1675914840
340,paita,-5.0892,-81.1144,75.79,79,83,7.45,PE,1675915091
341,mnogovershinnyy,53.9353,139.9242,-13.92,73,24,4.79,RU,1675915091
342,ternate,0.8,127.4,82.87,70,75,10.16,ID,1675915091
343,morehead,37.2711,-87.1764,59.99,91,0,5.75,US,1675915092
344,omboue,-1.5746,9.2618,77.94,89,75,5.95,GA,1675915092
345,marsabit,2.3284,37.9899,63.36,67,7,12.28,KE,1675914709
346,sharlyk,52.9167,54.75,12.76,94,100,5.93,RU,1675915092
347,vostok,46.4856,135.8833,-0.62,81,90,10.0,RU,1675914952
348,caracuaro,19.0106,-101.1264,73.26,41,0,4.36,MX,1675915093
349,mkokotoni,-5.8767,39.2547,80.76,82,96,9.06,TZ,1675915093
350,kuchera,26.9839,73.9719,70.81,23,4,8.86,IN,1675915094
351,saint-tite,46.7334,-72.5658,23.31,97,86,4.65,CA,1675915094
352,vice,-5.4167,-80.7833,77.11,70,77,9.01,PE,1675915094
353,homer,59.6425,-151.5483,24.69,74,0,3.44,US,1675914798
354,ancud,-41.8697,-73.8203,57.67,97,11,6.62,CL,1675914638
355,nanning,22.8167,108.3167,64.85,94,100,6.55,CN,1675915095
356,mazagao,-0.115,-51.2894,78.85,97,100,2.95,BR,1675915095
357,solnechnyy,50.7214,136.6319,-2.52,80,74,4.54,RU,1675914471
358,noumea,-22.2763,166.4572,89.58,76,99,8.57,NC,1675914741
359,asyut,27.181,31.1837,46.58,62,99,6.04,EG,1675915096
360,havre-saint-pierre,50.2334,-63.5986,14.0,56,0,17.27,CA,1675914772
361,kyakhulay,42.9684,47.483,20.82,89,100,15.01,RU,1675915096
362,forio,40.7342,13.8646,45.82,72,99,11.01,IT,1675915097
363,karpogory,64.0019,44.4451,23.2,94,99,11.88,RU,1675915097
364,aasiaat,68.7098,-52.8699,-15.12,88,92,6.49,GL,1675915097
365,charlestown,-32.95,151.6667,78.69,74,100,1.99,AU,1675915098
366,vilhena,-12.7406,-60.1458,68.88,95,100,1.48,BR,1675915054
367,saint-joseph,-21.3667,55.6167,80.98,79,62,8.97,RE,1675914788
368,lerwick,60.1545,-1.1494,41.0,71,97,33.96,GB,1675915098
369,hot springs,34.5037,-93.0552,50.31,92,100,13.8,US,1675914840
370,hanzhong,33.0728,107.0303,47.73,68,93,3.78,CN,1675915099
371,kiruna,67.8557,20.2251,31.12,69,75,17.27,SE,1675915099
372,shelburne,44.0787,-80.2041,32.45,96,100,4.7,CA,1675914638
373,obo,5.3998,26.4869,65.1,25,9,4.79,CF,1675915100
374,pisco,-13.7,-76.2167,71.65,88,0,12.66,PE,1675914677
375,sambava,-14.2667,50.1667,76.1,86,60,7.31,MG,1675915100
376,novoagansk,61.9449,76.6625,3.42,94,100,10.85,RU,1675915100
377,camocim,-2.9022,-40.8411,75.72,89,85,6.26,BR,1675914760
378,kibala,9.1104,18.3463,75.15,43,0,5.75,TD,1675914825
379,fare,-16.7,-151.0167,81.41,72,7,7.58,PF,1675915101
380,areia branca,-4.9561,-37.1369,77.85,78,29,11.54,BR,1675915102
381,poum,-20.2333,164.0167,81.43,81,99,11.95,NC,1675914730
382,tilichiki,60.4667,166.1,-11.47,87,77,9.84,RU,1675914779
383,sumbe,-11.2061,13.8437,73.51,83,100,5.95,AO,1675915102
384,ostrovnoy,68.0531,39.5131,32.29,85,100,40.0,RU,1675914759
385,mount gambier,-37.8333,140.7667,79.07,35,0,8.01,AU,1675914803
386,russellville,35.2784,-93.1338,55.54,95,100,16.11,US,1675915103
387,nalut,30.3333,10.85,45.21,89,59,16.82,LY,1675915103
388,mount isa,-20.7333,139.5,91.17,52,75,9.22,AU,1675914717
389,constantine,36.365,6.6147,38.61,93,75,3.44,DZ,1675915103
390,okhotsk,59.3833,143.3,-13.2,80,20,13.82,RU,1675914877
391,rabo de peixe,37.8,-25.5833,53.11,71,75,6.91,PT,1675915104
392,olds,51.7834,-114.102,23.23,79,7,11.5,CA,1675915104
393,samoded,63.6083,40.5111,29.71,88,100,13.42,RU,1675915105
394,amahai,-3.3333,128.9167,79.25,83,100,4.92,ID,1675915105
395,smirnykh,49.75,142.8333,-1.88,58,36,10.89,RU,1675915105
396,high level,58.5169,-117.136,1.51,92,0,2.3,CA,1675915106
397,karasjok,69.4719,25.5112,31.17,81,100,32.5,NO,1675915106
398,gannan,47.9147,123.5031,10.27,77,98,7.78,CN,1675914953
399,hurghada,27.2574,33.8129,53.64,58,0,11.5,EG,1675915071
400,chitrakonda,18.1167,82.0833,80.44,24,71,3.87,IN,1675915107
401,itarantim,-15.6597,-40.0656,67.3,95,3,0.4,BR,1675915107
402,buraydah,26.326,43.975,46.85,40,100,5.77,SA,1675914796
403,te anau,-45.4167,167.7167,60.49,38,41,3.09,NZ,1675914705
404,marsh harbour,26.5412,-77.0636,72.79,62,9,18.34,BS,1675914675
405,korla,41.7597,86.1469,30.54,58,49,5.93,CN,1675915108
406,lata,40.1629,-8.3327,45.07,79,11,6.44,PT,1675914718
407,corrooy,16.7962,120.4453,85.42,53,42,6.73,PH,1675915108
408,samarai,-10.6167,150.6667,79.5,86,100,9.82,PG,1675914677
409,puerto narino,-3.7703,-70.3831,71.64,99,100,0.81,CO,1675915109
410,taihe,30.8712,105.3845,51.58,75,100,3.24,CN,1675914971
411,walvis bay,-22.9575,14.5053,64.09,88,60,5.79,NA,1675914639
412,kisanga,-7.4362,37.7034,71.64,98,100,3.71,TZ,1675915109
413,bethel,41.3712,-73.414,40.39,62,0,5.75,US,1675914703
414,puri,19.8,85.85,75.72,64,31,3.24,IN,1675914582
415,da nang,16.0678,108.2208,82.38,74,40,8.05,VN,1675915110
416,brownsville,25.9018,-97.4975,60.75,62,75,4.61,US,1675914954
417,bac lieu,9.285,105.7244,84.11,65,18,17.52,VN,1675915110
418,manono,-7.3,27.4167,64.58,95,97,0.92,CD,1675915111
419,vila franca do campo,37.7167,-25.4333,54.01,73,96,8.75,PT,1675914779
420,beloha,-25.1667,45.05,75.72,75,100,8.28,MG,1675915111
421,manica,49.0,-1.1667,31.46,90,31,2.3,FR,1675915111
422,necochea,-38.5473,-58.7368,63.32,86,0,6.51,AR,1675914819
423,beaufort,5.3473,115.7455,90.07,51,32,2.95,MY,1675915112
424,katsuura,35.1333,140.3,47.77,38,79,9.69,JP,1675914806
425,praya,14.9215,-23.5087,68.54,77,75,12.66,CV,1675914834
426,lincoln,40.8,-96.667,42.13,56,0,3.44,US,1675914995
427,keti bandar,24.1447,67.4497,73.35,63,21,9.75,PK,1675915113
428,tsagan aman,47.5639,46.7218,12.33,92,6,4.99,RU,1675915113
429,aguimes,27.9054,-15.4461,56.03,77,75,5.99,ES,1675914894
430,bajil,15.0584,43.2851,75.83,77,93,7.23,YE,1675915113
431,mount pleasant,32.7941,-79.8626,59.99,93,0,1.01,US,1675915114
432,kailua,21.4022,-157.7394,78.78,63,40,14.97,US,1675914986
433,gat,31.61,34.7642,46.4,100,77,5.5,IL,1675914843
434,colares,38.7992,-9.4469,52.32,84,9,15.01,PT,1675915114
435,conceicao da barra,-18.5933,-39.7322,76.28,84,100,7.07,BR,1675915114
436,estelle,29.8458,-90.1067,73.4,92,100,21.85,US,1675915115
437,santa cruz de tenerife,28.4682,-16.2546,66.29,78,100,8.05,ES,1675915115
438,senador jose porfirio,-2.5908,-51.9542,73.35,97,97,2.68,BR,1675915115
439,vanimo,-2.6741,141.3028,77.63,92,100,10.6,PG,1675915116
440,goderich,43.7501,-81.7165,35.92,80,97,3.44,CA,1675914821
441,songjianghe,42.1859,127.479,23.97,51,100,3.91,CN,1675915116
442,never,46.9896,3.159,24.55,82,4,2.46,FR,1675915117
443,port elizabeth,-33.918,25.5701,69.31,93,75,2.3,ZA,1675914708
444,termoli,41.9888,14.9895,34.77,78,97,5.39,IT,1675915117
445,horomerice,50.1317,14.3388,25.07,82,0,12.66,CZ,1675915117
446,osorno,-40.5667,-73.15,62.91,77,40,2.3,CL,1675915118
447,altus,34.6381,-99.334,35.46,93,0,5.75,US,1675915118
448,zlitan,32.4674,14.5687,53.29,75,40,27.25,LY,1675915118
449,ulu tiram,1.6,103.8167,86.99,74,40,5.75,MY,1675915119
450,mana,5.6592,-53.7767,75.43,89,100,9.46,GF,1675915119
451,pipar,26.3856,73.5378,71.19,21,5,7.52,IN,1675915119
452,eureka,40.8021,-124.1637,46.67,93,37,4.23,US,1675914602
453,brooks,50.5834,-111.8851,19.04,91,8,1.14,CA,1675915120
454,agirish,61.9247,63.0231,25.25,83,80,14.76,RU,1675915120
455,chemax,20.65,-87.9333,69.66,99,3,2.75,MX,1675915121
456,montes claros,-16.735,-43.8617,73.18,78,0,0.0,BR,1675915121
457,tual,-5.6667,132.75,80.58,81,100,30.51,ID,1675915121
458,coihaique,-45.5752,-72.0662,64.35,63,0,3.44,CL,1675914757
459,paamiut,61.994,-49.6678,28.65,87,100,24.99,GL,1675914713
460,novosilikatnyy,53.3097,83.6239,-7.02,71,40,2.24,RU,1675915122
461,akdepe,42.0551,59.3788,19.49,67,42,15.7,TM,1675915122
462,kloulklubed,7.0419,134.2556,82.9,75,100,12.71,PW,1675914753
463,namibe,-15.1961,12.1522,68.95,76,98,6.31,AO,1675914710
464,three hills,51.7001,-113.2686,23.07,80,6,13.8,CA,1675915123
465,sinnamary,5.3833,-52.95,75.18,90,99,10.58,GF,1675914814
466,raton,36.9034,-104.4391,30.81,40,0,4.61,US,1675915123
467,dalbandin,28.8947,64.4101,65.41,42,48,12.1,PK,1675914836
468,heihe,50.2441,127.4902,10.98,90,51,7.96,CN,1675915124
469,kushima,31.4583,131.2333,54.55,61,100,12.82,JP,1675915124
470,cabo san lucas,22.8909,-109.9124,68.5,43,0,4.61,MX,1675914564
471,tiarei,-17.5333,-149.3333,84.22,72,6,5.75,PF,1675914754
472,rognan,67.0953,15.3878,34.05,95,100,6.89,NO,1675915125
473,fukue,32.6881,128.8419,52.16,54,0,9.22,JP,1675914869
474,pimenta bueno,-11.6725,-61.1936,72.39,95,97,0.31,BR,1675915125
475,tianpeng,30.9866,103.9393,52.27,78,100,3.83,CN,1675915125
476,sola,-13.8833,167.55,88.47,70,75,3.44,VU,1675914830
477,tome,-36.6167,-72.95,59.61,90,0,4.72,CL,1675915126
478,bambanglipuro,-7.95,110.2833,82.9,75,95,14.05,ID,1675915010
479,cuajinicuilapa,16.4667,-98.4167,72.93,73,2,1.97,MX,1675914765
480,zhezkazgan,47.8043,67.7144,-5.82,77,40,20.13,KZ,1675914841
481,mapiripan,2.8892,-72.1256,79.56,59,85,4.99,CO,1675915127
482,shebunino,46.4339,141.8603,11.8,74,100,15.59,RU,1675915127
483,omsukchan,62.5333,155.8,-29.56,96,31,5.41,RU,1675915127
484,isiolo,0.3546,37.5822,65.7,62,0,4.16,KE,1675915128
485,aksu,41.1231,80.2644,28.96,66,60,2.26,CN,1675915128
486,anadyr,64.75,177.4833,-30.5,66,0,8.95,RU,1675914767
487,porto nacional,-10.7081,-48.4172,75.2,89,28,1.39,BR,1675915128
488,lukino,56.4418,43.6293,22.98,100,92,3.56,RU,1675915129
489,faranah,10.0404,-10.7434,75.54,52,73,7.16,GN,1675915129
490,lorengau,-2.0226,147.2712,83.7,67,100,10.13,PG,1675914763
491,mogadouro,41.3403,-6.7119,31.87,91,0,6.2,PT,1675915130
492,labuhan,-6.8844,112.2051,83.57,76,93,12.17,ID,1675914875
493,bhubaneswar,20.2333,85.8333,75.42,78,4,5.75,IN,1675915130
494,ust-nera,64.5667,143.2,-32.03,95,87,1.54,RU,1675915130
495,abalak,58.1286,68.5944,4.3,99,99,4.72,RU,1675915131
496,piracuruca,-3.9281,-41.7092,72.91,94,75,3.04,BR,1675915131
497,champoton,19.35,-90.7167,78.33,68,22,8.68,MX,1675915131
498,coroata,-4.13,-44.1242,72.34,98,91,2.75,BR,1675915132
499,isla vista,34.4133,-119.861,56.98,64,0,3.44,US,1675915132
500,baoqing,46.3317,132.2111,13.42,67,7,3.04,CN,1675914870
501,ugoofaaru,5.6667,73.0,80.1,71,58,4.47,MV,1675915133
502,grande prairie,55.1667,-118.8027,23.18,74,20,8.05,CA,1675915133
503,porto novo,6.4965,2.6036,82.22,90,63,2.04,BJ,1675915133
504,balabac,7.9868,117.0645,82.18,74,54,16.17,PH,1675915134
505,hof,50.3167,11.9167,20.44,81,8,10.36,DE,1675915134
506,tigre,-34.426,-58.5796,79.21,76,0,5.75,AR,1675914881
507,progreso,21.2833,-89.6667,79.11,70,0,11.72,MX,1675915134
508,mkushi,-13.6202,29.3939,59.79,99,100,4.43,ZM,1675915135
509,yeppoon,-23.1333,150.7333,85.78,61,92,23.06,AU,1675914479
510,karoi,-16.8099,29.6925,61.84,96,39,3.51,ZW,1675915135
511,alcudia,39.8532,3.1214,47.37,73,91,9.73,ES,1675915135
512,semporna,4.4818,118.6112,82.49,69,87,7.85,MY,1675915136
513,sakakah,29.9697,40.2064,40.57,81,84,5.1,SA,1675914780
514,loandjili,-4.7561,11.8578,80.71,89,75,2.3,CG,1675915136
515,vicuna,-30.0319,-70.7081,55.13,60,0,1.72,CL,1675915137
516,weston,26.1004,-80.3998,75.99,73,20,12.66,US,1675915137
517,vardo,70.3705,31.1107,35.58,75,99,43.73,NO,1675914370
518,san rafael,-34.6177,-68.3301,78.48,37,35,5.26,AR,1675915137
519,karratha,-20.7377,116.8463,94.44,46,0,12.03,AU,1675915138
520,biak,-0.9131,122.8766,84.38,61,96,2.13,ID,1675914705
521,manggar,-2.8833,108.2667,85.53,66,100,5.59,ID,1675914738
522,manchar,19.0,73.9333,76.35,22,94,3.33,IN,1675915138
523,half moon bay,37.4636,-122.4286,57.31,78,40,10.36,US,1675915111
524,srivardhan,18.0333,73.0167,83.66,34,96,2.98,IN,1675915139
525,andra,62.5147,65.8878,25.32,83,100,16.4,RU,1675915139
526,vengerovo,55.6848,76.7471,-15.36,100,100,4.56,RU,1675915139
527,karla,59.3723,24.9275,35.98,80,20,18.41,EE,1675915140
528,petropavl,54.8753,69.1628,-5.82,84,20,4.47,KZ,1675915140
529,xuddur,4.1213,43.8894,69.08,75,8,14.05,SO,1675915140
530,sao filipe,14.8961,-24.4956,69.08,75,58,7.09,CV,1675914646
531,nisia floresta,-6.0911,-35.2086,79.61,87,35,6.31,BR,1675915119
532,novobessergenevka,47.1847,38.8462,19.33,81,6,10.74,RU,1675915141
533,sisimiut,66.9395,-53.6735,2.5,80,100,7.16,GL,1675915141
534,reconquista,-29.15,-59.65,77.07,56,88,6.46,AR,1675914819
535,dawlatabad,36.4141,64.9053,42.24,87,100,10.02,AF,1675914847
536,guigue,10.0853,-67.7792,69.42,96,52,3.96,VE,1675915142
537,kavaratti,10.5669,72.642,79.45,70,100,3.87,IN,1675914789
538,urubicha,-15.3833,-62.95,71.62,99,100,0.58,BO,1675915143
539,panguna,-6.3164,155.4848,79.88,66,100,3.11,PG,1675915065
540,eftimie murgu,44.9003,22.0928,22.53,92,52,4.52,RO,1675915144
541,nsanje,-16.92,35.262,73.45,96,96,2.08,MW,1675915145
542,erenhot,43.6475,111.9767,25.86,69,100,9.98,CN,1675915145
543,general roca,-39.0333,-67.5833,82.02,24,0,10.02,AR,1675914673
544,muyezerskiy,63.9333,31.65,32.43,91,100,19.66,RU,1675915146
545,oranjemund,-28.55,16.4333,62.53,96,32,3.0,NA,1675914847
546,berlevag,70.8578,29.0864,37.35,70,100,39.12,NO,1675914775
547,ahuimanu,21.4447,-157.8378,78.51,63,40,14.97,US,1675915032
548,cam ranh,11.9214,109.1591,84.16,65,40,8.05,VN,1675915147
549,corner brook,48.9667,-57.9484,21.36,95,96,9.55,CA,1675915148
550,kati,12.7441,-8.0726,76.41,21,1,4.34,ML,1675915149
551,padang,-0.9492,100.3543,82.45,70,97,4.14,ID,1675914648
552,erdenet,49.0333,104.0833,10.35,76,80,2.71,MN,1675915151
553,faya,18.3851,42.4509,46.92,60,39,3.87,SA,1675914655
554,caldwell,43.6629,-116.6874,35.47,63,0,5.75,US,1675915152
555,ola,59.5833,151.2833,2.14,73,100,6.82,RU,1675915152
556,balkhash,46.844,74.9804,14.61,85,100,13.42,KZ,1675914818
557,rangia,26.4667,91.6333,67.95,52,49,13.13,IN,1675915154
558,venustiano carranza,19.43,-99.0992,65.14,49,81,11.01,MX,1675914896
559,nevelsk,46.6733,141.8633,8.96,77,100,17.87,RU,1675915155
560,sur,22.5667,59.5289,76.1,56,8,7.74,OM,1675914700
561,buala,-8.145,159.5921,83.41,75,97,4.7,SB,1675914848
562,vega baja,18.4444,-66.3877,78.75,83,20,5.01,PR,1675915156
563,porto murtinho,-21.6989,-57.8825,76.55,80,0,2.57,BR,1675915157
564,chandauli,25.2667,83.2667,64.45,33,0,7.67,IN,1675915157
565,opuwo,-18.0607,13.84,63.79,42,51,3.71,NA,1675915158
566,astara,38.5,48.6667,29.1,97,100,5.12,AZ,1675915158
567,mantua,45.1667,10.7833,34.84,62,5,5.01,IT,1675914769
568,gambela,8.25,34.5833,74.82,33,5,3.29,ET,1675915159
569,huilong,31.8111,121.655,45.93,88,100,14.0,CN,1675915159
570,bilibino,68.0546,166.4372,-42.7,98,66,1.43,RU,1675914735
571,muroto,33.2833,134.15,49.51,63,93,11.12,JP,1675915160
572,jinchang,38.4953,102.1739,39.4,34,0,3.87,CN,1675915161
573,hamilton,39.1834,-84.5333,50.72,94,100,9.22,US,1675914826
574,puerto escondido,15.85,-97.0667,79.63,69,0,2.3,MX,1675914698
575,messina,38.1933,15.5497,49.19,72,75,5.75,IT,1675915162
576,nenjiang,49.1833,125.2167,7.27,83,58,8.41,CN,1675915163
577,santa maria,-29.6842,-53.8069,78.1,53,75,4.61,BR,1675914883
578,ontario,34.0633,-117.6509,61.61,43,0,6.91,US,1675914525
